chi,fidelity,one_minus_fidelity
4,0.015554192577235941,0.9844458074227641
8,0.1887077503830207,0.8112922496169793
16,0.523050210100074,0.476949789899926
32,0.8375558904917502,0.16244410950824983
